<?xml version="1.0"?>
<!DOCTYPE hibernate-mapping PUBLIC
        "-//Hibernate/Hibernate Mapping DTD 3.0//EN"
        "hibernate-mapping-3.0.dtd"
        >

<hibernate-mapping package="demo">
	<class name="Dept" table="DeptTable" >
	   <id name="deptno" column="deptnl"></id>
	   <property name="dname" length="20" column="dnameCol"></property>
	   <property name="loc"></property>
	   
	   <set name="emps" lazy="true" cascade="all" >
	   	<key column="deptnl"></key>
	   	<one-to-many class="Emp" />
	   </set>
	</class>
	<query name="q1" cache-mode="get" cacheable="true"  read-only="true" >
		from Dept
	</query>
	<sql-query name="mysql">
		select * from depttable
	</sql-query>
	
</hibernate-mapping>
