<?xml version="1.0"?>
<!DOCTYPE hibernate-mapping PUBLIC
        "-//Hibernate/Hibernate Mapping DTD 3.0//EN"
        "hibernate-mapping-3.0.dtd"
        >

<hibernate-mapping >
	<class name="demo.Emp" table="EmpTable">
	   <id name="empno" column="empnocol">
	   		<generator class="native" />
	   </id>
	   <property name="ename" column="enameCol"></property>
	   <property name="salary" column="salcol" />
	   <many-to-one name="parent" column="deptnl" >
	   </many-to-one>
	</class>
</hibernate-mapping>
